amount,transactionHour,transactionDayOfWeek,recentTransactionCount,averageTransactionAmount,amountDifferenceFromAverage,fraud
4180.04,7,1,11,3377.42,802.62,0
3065.39,18,3,0,2954.15,111.24,0
3320.57,20,5,8,2774.1,546.47,0
1809.94,0,6,12,1751.86,58.08,0
1943.23,3,0,6,1750.42,192.81,0
4816.73,1,5,7,3216.77,1599.96,0
1026.11,19,6,5,2203.4,1177.3,0
578.24,7,6,4,706.21,127.97,0
3340.95,11,1,5,4399.18,1058.23,0
4483.24,21,5,1,3658.19,825.05,0
4354.69,20,5,8,3781.07,573.62,0
4949.71,1,1,0,3957.41,992.3,0
1062.61,22,2,3,797.85,264.76,0
3685.29,14,1,4,4615.46,930.18,0
2907.98,18,3,5,2925.4,17.42,0
1906.81,2,6,0,2792.87,886.06,1
1011.36,12,3,9,1219.92,208.56,0
3086.57,0,5,11,4869.85,1783.29,0
4002.68,9,3,2,3878.95,123.72,0
3234.61,8,4,12,4441.34,1206.73,0
3850.41,19,1,2,4417.33,566.93,0
6747.94,16,0,9,4790.75,1957.19,1
6598.76,9,1,0,4680.94,1917.81,0
520.35,23,3,1,854.41,334.06,0
649.79,5,2,8,1065.92,416.13,1
562.28,17,6,11,1453.09,890.81,0
1980.88,16,3,1,2295.47,314.58,0
442.62,17,1,9,594.65,152.03,1
3627.05,10,0,8,3339.96,287.09,0
2409.62,4,5,9,1464.07,945.55,1
2335.54,21,3,5,2628.38,292.83,0
4059.21,21,5,10,3780.84,278.37,0
2323.65,6,4,7,2026.86,296.79,0
2134.5,2,3,12,2581.83,447.33,0
1142.75,2,6,3,727.65,415.11,0
1458.1,12,0,2,1461.86,3.76,0
1812.33,13,5,11,1693.41,118.91,0
2527.15,4,1,4,3732.84,1205.69,1
4730.75,1,4,7,3810.82,919.94,0
1325.98,16,0,2,1208.45,117.54,0
1802.6,18,1,9,4378.19,2575.59,0
3356.5,18,4,8,2386.51,969.98,1
3188.71,4,5,10,3513.77,325.06,1
4725.39,2,0,7,3883.39,842.0,0
620.95,4,2,1,949.92,328.97,0
1108.9,17,5,4,1209.86,100.97,0
5344.46,9,5,1,3442.89,1901.56,1
1047.13,3,5,8,1019.43,27.7,1
1082.8,8,4,7,1447.83,365.04,0
1006.8,20,3,4,728.6,278.2,0
1281.03,14,4,11,1088.69,192.35,1
819.69,22,1,8,838.6,18.91,0
2749.54,11,6,0,2986.36,236.83,0
1683.66,3,2,12,1622.88,60.77,0
4871.3,7,6,2,4882.27,10.96,0
1410.62,0,1,11,4466.37,3055.75,0
1797.92,7,2,2,2352.71,554.79,1
2529.44,15,1,3,4424.75,1895.31,0
1986.89,0,5,3,1873.36,113.53,0
644.3,8,2,10,812.39,168.09,0
4147.63,8,1,9,4296.48,148.84,1
1049.01,13,2,11,987.81,61.2,0
7298.29,6,2,0,4929.06,2369.23,1
6658.21,17,5,11,4665.09,1993.12,0
465.25,10,4,5,1386.66,921.41,1
5942.98,16,2,10,4550.21,1392.77,0
2230.16,12,5,11,1830.45,399.71,0
2271.0,17,6,0,1854.27,416.72,0
3198.97,14,3,10,4035.91,836.94,0
3806.64,23,1,10,4555.31,748.67,0
2401.84,7,5,4,3348.23,946.39,0
900.63,7,3,9,609.91,290.72,1
2045.1,22,3,7,2364.98,319.88,0
3078.13,3,6,6,3594.3,516.18,0
2274.92,3,3,2,3631.6,1356.68,0
5363.98,19,2,12,4945.52,418.46,0
1625.34,17,3,2,3736.73,2111.4,0
1638.09,7,6,10,1666.36,28.28,0
2739.15,22,2,3,2680.69,58.46,0
3875.12,4,1,3,2930.69,944.44,1
1124.35,14,3,0,1462.79,338.44,0
5198.51,18,5,0,4571.77,626.74,0
2829.1,12,6,6,2211.71,617.39,0
4141.82,7,3,3,4099.41,42.41,0
1660.68,23,1,7,2249.86,589.18,0
1543.35,12,4,9,2903.56,1360.21,1
2737.94,8,3,5,2428.76,309.18,0
3371.83,12,2,12,3925.53,553.7,1
2170.38,1,2,3,4257.1,2086.72,0
3750.53,0,1,3,3432.9,317.63,0
1343.99,6,3,11,1573.45,229.47,0
3305.41,23,5,1,3226.52,78.89,0
746.18,18,5,6,1899.68,1153.49,0
566.4,22,6,10,841.98,275.59,0
1452.4,18,6,0,1857.12,404.72,0
1089.76,16,5,5,2167.57,1077.81,0
2002.22,14,5,2,2705.91,703.68,0
5403.76,8,4,12,4844.63,559.13,0
3069.21,10,6,3,2591.93,477.28,1
2871.12,7,6,7,4467.34,1596.22,0
1478.48,15,1,5,2013.78,535.31,0
4503.88,22,2,8,4461.44,42.44,0
827.77,7,5,7,885.26,57.49,0
2679.73,2,2,3,4068.2,1388.46,0
2584.24,11,3,11,3487.82,903.58,1
3251.8,9,2,3,2541.85,709.95,0
523.56,5,1,3,1038.0,514.44,0
2794.92,16,4,4,3153.14,358.23,0
1533.71,22,4,2,1833.11,299.4,0
3573.84,22,1,10,2990.12,583.72,0
3090.96,14,2,2,4427.24,1336.28,0
3714.25,3,6,1,4377.75,663.5,1
3868.89,18,2,1,3332.51,536.39,1
4162.07,19,4,12,3940.0,222.07,0
2679.53,18,3,4,2211.7,467.82,1
4159.88,3,6,3,4820.49,660.61,0
886.28,5,0,6,865.34,20.93,0
2497.63,7,2,11,1810.67,686.97,0
840.37,20,4,10,820.31,20.06,1
1254.26,7,5,2,1016.49,237.76,0
927.84,23,6,9,821.34,106.49,0
3188.81,9,5,6,2609.14,579.67,0
2925.88,13,5,5,2722.08,203.8,1
1593.56,21,6,9,1530.16,63.4,1
4613.65,5,3,8,3941.42,672.23,0
850.32,18,3,10,1316.7,466.38,0
2036.0,3,6,2,2615.05,579.04,0
2055.33,12,6,12,1796.98,258.35,0
1238.66,12,6,8,1915.33,676.67,1
7555.26,14,3,0,4412.15,3143.1,0
2508.47,6,2,8,3903.99,1395.52,0
2859.96,15,0,0,4463.81,1603.85,0
1902.67,17,3,1,1576.84,325.83,0
1332.33,3,5,2,1010.58,321.75,0
2557.02,15,1,7,2789.92,232.9,0
7265.82,16,5,2,4648.41,2617.41,0
1612.48,16,2,0,4055.03,2442.55,0
4261.14,21,3,2,3141.22,1119.92,0
2043.06,10,6,3,1995.98,47.08,0
1576.37,13,0,5,2223.37,647.0,0
2763.99,20,1,7,4151.34,1387.35,1
6251.92,10,6,1,4844.09,1407.83,0
1539.91,13,6,10,2866.78,1326.87,1
4532.66,8,2,9,4016.86,515.8,0
5876.72,12,2,10,4332.94,1543.77,0
2321.22,1,4,1,4425.72,2104.5,0
1826.22,3,6,10,1793.21,33.01,1
1410.06,9,0,0,1248.64,161.42,1
1683.0,13,4,10,2113.09,430.09,1
936.36,12,4,10,855.36,81.01,0
889.09,8,5,0,1144.03,254.94,0
1893.93,17,1,1,1794.34,99.59,0
2507.17,8,3,4,3144.07,636.91,0
2028.37,7,3,9,2674.44,646.07,1
5686.88,12,2,0,3646.76,2040.13,0
4149.89,1,4,11,3851.01,298.88,0
2009.42,11,1,10,1787.87,221.55,1
2375.64,21,5,2,3900.1,1524.46,0
3009.54,18,2,11,3408.53,398.99,0
2564.35,13,1,3,1970.24,594.12,0
1698.75,5,2,7,4871.7,3172.95,1
3852.05,3,3,1,4416.79,564.74,0
3779.29,17,2,1,4370.63,591.34,1
501.74,14,2,10,2914.58,2412.84,1
1802.0,21,1,7,2214.61,412.61,0
2357.28,19,1,10,3026.33,669.06,0
4137.68,4,0,0,4592.24,454.56,0
1210.1,17,1,6,937.36,272.73,0
4977.59,23,5,2,3844.13,1133.46,0
3808.94,19,3,4,4251.62,442.68,0
3897.02,3,5,5,2495.22,1401.79,0
1732.72,12,2,3,2114.03,381.31,0
4940.04,20,4,0,4208.86,731.18,0
5508.16,18,1,1,4949.69,558.47,0
3403.39,4,6,9,3138.72,264.66,0
919.05,4,4,4,1151.1,232.05,1
5239.57,7,4,5,4399.02,840.55,0
1293.22,13,4,1,1070.41,222.81,0
3426.24,16,1,9,4001.08,574.84,0
4348.7,16,2,7,4401.41,52.72,1
5900.05,3,3,11,4993.64,906.41,1
639.93,19,1,1,863.56,223.63,0
2917.24,19,4,4,3134.14,216.9,0
676.12,22,0,10,946.3,270.19,0
4012.14,7,3,5,3743.78,268.36,0
4997.33,10,3,5,3783.26,1214.08,0
1304.38,2,0,6,1186.88,117.5,0
3936.87,17,0,9,4152.96,216.09,0
1698.35,13,6,11,3515.06,1816.71,0
2524.19,3,4,8,1906.02,618.17,0
2189.33,11,0,12,1509.1,680.23,1
3317.04,17,6,9,2431.01,886.03,0
932.88,8,0,2,618.14,314.73,0
3516.88,11,0,2,4646.92,1130.04,0
2918.45,0,0,11,2303.53,614.92,1
3381.43,5,2,4,2541.41,840.03,0
3313.49,5,6,9,3054.17,259.32,1
2619.17,13,3,9,2494.01,125.16,1
4833.08,9,5,10,3897.24,935.83,0
2281.61,7,3,9,1887.89,393.72,1
5017.7,9,2,1,4753.96,263.74,0
636.4,12,4,11,1290.63,654.22,0
2862.08,23,0,6,3506.22,644.14,0
5428.03,18,3,9,4379.5,1048.53,0
638.37,5,6,9,1802.82,1164.45,0
3062.18,13,6,1,2128.34,933.84,0
2271.75,10,1,5,2857.83,586.08,1
3877.05,16,4,3,3349.51,527.54,0
4646.21,7,0,2,3773.21,873.0,0
593.68,20,0,2,1187.91,594.24,0
1646.8,21,4,10,2587.79,940.99,0
3713.46,20,2,2,4389.11,675.65,0
3726.14,11,4,1,3341.23,384.91,0
465.32,9,0,10,756.01,290.68,0
2175.97,17,6,11,3267.54,1091.57,0
4082.65,20,1,5,4144.17,61.52,0
2302.24,10,5,1,4809.75,2507.51,0
1885.33,14,3,8,1614.85,270.49,1
2040.38,10,5,9,2177.83,137.46,0
2609.75,10,0,8,2005.92,603.83,1
2398.15,4,2,1,3756.8,1358.66,1
946.72,20,5,10,2074.19,1127.47,0
4217.44,10,6,2,4721.01,503.57,0
4862.8,21,4,1,3824.49,1038.31,0
1866.6,6,2,12,2128.23,261.63,1
1279.92,2,2,12,1119.04,160.87,0
4521.9,10,6,9,4258.04,263.87,0
1161.78,22,6,9,1230.11,68.33,1
1526.73,7,3,9,2469.53,942.8,0
3123.51,17,1,4,2520.18,603.33,0
5279.0,18,3,7,4567.88,711.11,0
3935.07,13,1,3,2763.08,1171.99,1
998.05,17,0,11,1625.01,626.96,0
938.68,5,2,7,1782.78,844.1,1
2963.96,14,2,0,2468.63,495.34,0
2029.52,12,0,5,2182.83,153.31,0
889.46,4,1,0,945.87,56.41,0
2671.6,4,6,11,3632.32,960.72,0
5526.46,4,4,11,4576.36,950.11,1
4092.23,7,2,1,3992.78,99.45,0
3501.65,15,4,8,4072.55,570.89,0
1650.23,4,2,6,1588.72,61.51,0
3592.67,16,2,1,3067.99,524.68,0
5700.89,16,4,0,4038.86,1662.03,0
4126.22,0,2,12,3360.52,765.71,1
3362.68,3,6,9,3456.97,94.29,1
330.88,5,6,12,699.51,368.63,0
2237.47,5,6,2,2653.39,415.92,0
2497.6,6,0,5,2559.56,61.96,0
5379.17,17,3,4,4951.05,428.12,0
1896.22,20,2,4,1787.5,108.72,0
4180.57,23,3,6,4502.69,322.12,0
2311.92,8,6,1,3614.31,1302.38,1
4485.1,5,4,4,3211.04,1274.06,0
2982.0,13,1,11,3474.14,492.14,0
5211.67,11,4,6,3770.66,1441.01,0
6580.07,11,4,12,4765.57,1814.5,1
764.4,19,5,12,640.13,124.27,1
1289.98,18,0,9,1561.98,272.0,0
1681.3,14,6,1,2169.34,488.04,0
1983.81,3,0,11,2291.15,307.34,0
3764.54,3,2,12,4610.94,846.4,0
4245.12,15,1,1,4983.64,738.53,0
2109.35,22,3,1,1276.95,832.39,0
3789.41,17,4,4,4939.59,1150.18,0
2183.89,22,5,2,3703.14,1519.25,0
1098.16,15,0,5,1046.13,52.03,0
4760.02,17,1,9,4116.48,643.54,1
2129.86,13,6,6,2291.72,161.86,1
3242.12,20,0,7,4875.71,1633.59,0
1272.53,18,1,12,1077.51,195.02,1
3062.82,1,6,1,4598.21,1535.38,0
1470.53,16,2,1,1228.85,241.68,0
2724.12,4,5,4,2978.79,254.67,1
2262.47,5,5,9,3384.44,1121.98,0
3365.71,18,0,0,4291.39,925.67,0
3894.25,18,3,9,3969.6,75.35,0
4005.15,9,5,4,3322.24,682.91,0
3459.6,1,1,7,3582.46,122.86,0
2257.59,4,2,11,2030.87,226.72,0
1216.03,16,4,1,2054.17,838.14,0
2217.26,7,1,1,1703.62,513.64,0
1449.15,5,6,5,4388.74,2939.58,0
1866.86,5,3,8,1354.25,512.61,0
3431.34,14,1,3,2738.17,693.18,1
2050.03,19,6,10,1766.1,283.93,1
604.2,8,5,5,536.8,67.4,0
2534.23,18,4,3,2302.62,231.62,0
1431.0,19,5,9,2238.57,807.57,0
2536.93,10,4,5,2272.57,264.36,0
2536.08,4,5,5,2791.05,254.97,0
1170.18,16,1,5,1170.23,0.05,0
1294.91,18,2,8,2268.3,973.38,0
2266.82,9,3,0,3689.33,1422.51,0
2635.6,23,6,11,4909.54,2273.94,0
1239.23,20,6,12,1694.89,455.66,1
465.78,23,4,12,731.1,265.32,1
3722.93,1,4,11,3563.27,159.66,1
2421.46,13,4,12,1911.62,509.85,0
5933.05,23,0,11,4317.7,1615.36,1
1586.02,10,1,7,1962.72,376.71,0
1440.88,23,5,10,2094.29,653.42,1
3305.63,9,1,4,2678.81,626.82,0
3374.32,15,2,7,3606.08,231.76,0
3987.7,21,4,6,4079.32,91.63,0
2363.72,4,2,0,2053.11,310.62,0
1614.03,15,1,3,2058.64,444.61,0
3276.87,8,1,1,3029.08,247.78,0
1307.54,20,1,0,1591.06,283.52,0
1776.78,21,6,2,2625.82,849.03,0
1943.17,15,3,10,4680.95,2737.78,0
2698.68,20,0,12,1945.25,753.43,0
2563.64,5,3,2,2908.19,344.54,1
1301.33,15,1,11,4262.91,2961.59,0
6170.18,3,2,4,4445.34,1724.84,0
2924.11,4,6,8,2859.43,64.68,1
1181.85,8,5,2,1006.91,174.94,0
2345.72,21,6,3,1827.61,518.11,0
5298.49,2,3,10,4536.69,761.8,0
1802.02,7,0,4,2648.54,846.52,0
1377.86,18,0,4,1701.47,323.61,0
1050.77,3,3,4,779.56,271.21,0
6476.68,22,0,10,4653.98,1822.7,1
2177.6,7,1,7,3265.81,1088.22,0
2170.99,15,6,8,3225.83,1054.83,0
4678.87,21,6,9,3928.37,750.5,1
2423.37,18,0,0,2510.37,86.99,0
1246.3,17,1,2,1409.71,163.41,0
1135.37,2,4,7,1023.08,112.29,0
3881.17,14,4,0,2809.62,1071.55,0
2316.48,0,5,3,1886.76,429.72,1
2114.66,2,4,0,2050.38,64.28,1
6119.75,4,6,10,4701.99,1417.76,0
2537.36,12,3,6,2391.63,145.73,0
2004.93,11,0,2,3478.07,1473.14,0
958.49,7,6,0,1073.06,114.57,0
2426.39,12,6,3,2583.52,157.13,0
1202.19,23,6,1,1740.42,538.23,0
5159.72,7,1,1,3267.15,1892.57,0
2407.38,22,6,0,3190.03,782.65,1
1269.58,1,1,8,2475.33,1205.75,1
4049.12,18,2,9,4623.79,574.66,0
1839.41,21,4,3,1942.99,103.58,0
3480.31,18,5,2,3005.23,475.07,0
4652.96,21,3,12,2730.29,1922.67,0
2047.69,9,3,2,2337.17,289.48,0
3684.77,14,0,8,4322.03,637.26,0
4173.8,12,1,4,2884.96,1288.84,0
5002.2,23,6,3,4650.02,352.19,0
2873.4,1,6,1,3222.36,348.96,0
2557.84,10,2,0,3759.37,1201.54,0
3361.36,23,6,7,3836.64,475.28,0
3018.93,10,6,4,3666.96,648.03,0
2400.72,8,2,8,2116.67,284.06,0
3752.33,10,1,5,4112.67,360.35,1
2192.31,23,1,0,4388.38,2196.08,0
2640.53,10,1,6,3106.14,465.62,0
3232.22,21,2,4,2977.89,254.33,0
3674.18,23,6,5,3756.01,81.83,0
1799.88,17,5,0,2697.42,897.54,0
867.2,0,3,2,834.49,32.71,1
3365.19,0,1,8,3682.26,317.07,1
5412.75,21,3,0,3369.78,2042.97,0
405.41,16,5,4,553.33,147.92,0
2477.22,5,0,1,2759.97,282.75,0
2297.57,8,6,5,3289.01,991.45,0
1478.16,22,1,4,2178.73,700.57,0
4183.53,20,6,0,3441.81,741.72,0
3103.05,5,0,7,2987.16,115.9,0
2019.14,3,4,0,1990.72,28.42,0
2827.6,2,5,4,3615.29,787.69,0
585.07,10,0,3,648.06,62.99,0
3349.99,5,4,3,3707.2,357.21,0
3800.58,17,2,6,3546.66,253.93,1
4665.34,11,0,1,4948.15,282.81,0
1323.31,19,4,6,2032.67,709.36,0
3583.92,7,2,8,3353.55,230.37,1
2416.14,21,3,1,3558.63,1142.49,0
1950.35,12,5,12,1609.02,341.32,0
2128.32,3,0,0,1925.05,203.27,0
4329.15,13,3,8,3926.06,403.09,0
665.67,11,4,1,618.18,47.49,0
5742.82,2,5,8,4386.73,1356.08,0
3147.65,5,5,6,3073.82,73.83,0
1896.35,8,3,4,1707.83,188.52,1
1867.83,7,5,10,1632.65,235.18,0
2619.37,12,2,9,2560.38,58.99,0
2546.24,13,6,10,2481.0,65.24,1
2312.1,10,1,6,1942.99,369.11,0
3390.31,15,4,12,3627.31,237.0,0
3692.58,18,1,9,4174.23,481.65,1
4317.78,0,5,7,3954.28,363.5,1
4316.62,13,5,7,4089.58,227.04,0
1474.86,4,5,6,1637.07,162.21,1
3465.51,16,6,11,4958.15,1492.64,1
5049.83,22,6,8,4857.93,191.9,0
997.05,5,5,9,992.16,4.89,0
5122.32,12,6,5,3548.62,1573.7,0
536.69,16,4,9,547.46,10.78,1
2965.55,14,6,10,2183.54,782.01,0
2338.27,13,0,1,2052.35,285.91,0
2112.29,10,3,12,2067.48,44.81,0
1509.24,10,0,4,2642.73,1133.49,0
707.26,10,5,1,601.63,105.62,0
4962.55,5,2,8,4927.55,35.0,0
4849.1,20,1,2,4089.9,759.19,0
536.7,18,3,6,631.37,94.67,0
1523.49,22,6,12,1752.55,229.06,1
4878.74,14,0,4,4423.91,454.83,0
6038.15,10,4,6,4846.62,1191.52,0
2550.79,21,5,12,2065.66,485.13,0
578.92,4,2,1,881.38,302.46,1
2589.01,19,1,9,2179.88,409.13,1
4135.38,22,5,2,3359.76,775.62,0
984.62,1,6,5,1131.33,146.71,0
1794.07,12,4,8,1378.08,415.99,0
2494.29,5,0,9,2712.77,218.48,0
1243.16,8,1,8,1814.4,571.25,0
3196.29,16,0,9,3045.43,150.86,0
2744.36,11,4,12,4204.77,1460.41,0
3370.34,20,6,3,2958.59,411.75,0
2501.2,11,6,1,2523.8,22.6,0
4169.29,18,5,5,3990.34,178.94,0
3750.58,19,1,12,2426.75,1323.83,1
656.44,17,1,5,767.11,110.67,0
3681.82,16,5,1,3077.31,604.51,0
2881.91,20,1,11,2352.18,529.73,1
4026.99,7,6,10,3701.28,325.71,1
2669.75,2,5,12,3345.81,676.06,1
2229.88,8,5,5,2820.26,590.38,0
4351.13,2,5,7,3118.8,1232.33,0
2480.23,17,3,3,4325.48,1845.25,0
2430.98,17,4,2,2726.22,295.24,0
2496.68,21,6,0,2046.83,449.85,0
7196.16,5,3,7,4265.16,2931.0,0
1509.93,22,1,10,1410.43,99.5,0
5494.72,2,2,10,4444.68,1050.04,1
2642.0,9,5,11,2283.54,358.46,0
1066.8,2,1,9,910.4,156.4,0
605.2,22,2,1,541.79,63.41,0
1386.15,23,6,1,1094.79,291.36,0
2081.04,12,6,12,1846.65,234.4,0
4792.3,19,5,2,3547.12,1245.18,0
3861.67,4,3,9,3326.36,535.31,0
1250.32,18,5,6,890.1,360.22,0
5260.91,7,2,10,4059.84,1201.07,0
1898.87,22,0,10,3200.04,1301.16,1
2177.34,6,5,6,3231.17,1053.83,1
6068.51,3,1,7,4540.61,1527.9,1
4056.02,0,2,5,4499.26,443.24,0
2135.54,15,6,1,3057.71,922.17,0
2251.48,1,0,12,1679.83,571.65,1
3832.08,12,0,10,3706.83,125.25,0
1201.14,9,0,8,1748.6,547.46,0
977.49,20,5,10,1199.2,221.71,0
5121.6,7,0,3,3784.81,1336.79,0
2031.99,23,5,11,2540.17,508.18,1
935.26,0,1,7,1117.45,182.19,0
3890.18,4,5,12,4023.44,133.26,0
847.4,0,2,12,1031.26,183.86,0
2384.28,15,3,8,1683.27,701.01,0
2850.16,11,1,4,3050.99,200.83,0
4837.75,0,0,0,3533.54,1304.21,0
2949.97,4,1,0,2223.41,726.56,0
2946.92,13,5,5,3833.0,886.08,0
2456.99,16,5,0,2177.64,279.35,0
5450.74,14,6,4,4916.36,534.38,0
860.06,14,0,5,888.73,28.67,0
1418.89,18,3,12,1867.59,448.7,0
2268.58,7,1,0,2959.52,690.93,1
2046.95,0,2,0,2936.95,890.0,0
2492.09,9,0,3,3821.37,1329.28,0
5292.29,22,2,1,2714.13,2578.16,0
5920.65,13,5,5,4304.77,1615.88,0
1784.13,12,0,9,3113.47,1329.34,0
4768.49,7,2,4,4838.98,70.49,0
2565.93,14,2,3,2268.29,297.65,0
3079.13,18,0,2,4009.72,930.59,0
2305.52,6,3,4,1913.15,392.37,0
1083.18,21,2,11,906.89,176.29,1
3999.1,7,2,6,4261.66,262.56,0
1864.3,5,0,6,1670.75,193.55,0
3318.25,4,0,0,2975.54,342.71,0
1617.29,6,6,6,1500.3,117.0,0
2714.69,2,0,1,3401.08,686.39,0
3666.29,2,6,12,4141.84,475.56,1
3071.61,23,3,7,2574.48,497.13,0
1713.27,6,1,4,1277.63,435.63,0
547.66,9,3,6,655.92,108.26,0
757.49,12,1,6,894.75,137.25,0
1811.92,0,3,12,2866.16,1054.24,1
2428.22,11,4,8,4016.46,1588.24,1
580.27,8,0,12,617.28,37.01,0
3785.14,7,1,1,3950.79,165.65,0
3266.15,7,4,12,2901.6,364.54,0
2610.04,5,1,3,4961.94,2351.9,0
3863.27,22,2,9,3639.32,223.95,0
1297.31,15,4,4,1347.05,49.74,0
716.38,15,0,5,752.76,36.38,0
1048.19,22,1,12,1087.2,39.02,1
255.63,3,6,8,598.61,342.98,0
1424.92,21,3,9,2181.16,756.24,0
1561.21,20,3,10,1114.03,447.18,0
4879.9,19,6,5,3028.9,1851.01,0
1082.65,4,1,11,1289.08,206.43,0
4399.04,18,0,2,3077.76,1321.28,0
5195.83,15,1,5,4853.89,341.94,0
6795.1,5,5,1,4920.71,1874.39,0
3693.65,6,1,11,3781.79,88.13,1
1024.6,0,0,6,986.16,38.45,0
584.74,11,4,6,1248.52,663.78,0
5787.44,20,6,10,4388.23,1399.22,0
4338.45,8,0,1,4096.38,242.08,0
1239.48,2,4,1,1224.07,15.41,0
4113.3,20,1,9,4519.52,406.21,1
663.41,6,1,6,955.66,292.25,0
3696.46,7,0,0,3784.88,88.42,0
3367.16,1,2,0,2709.27,657.89,0
2916.07,0,1,2,3479.09,563.03,0
2320.83,3,2,12,2631.07,310.24,0
4572.83,5,2,6,3474.68,1098.15,0
2028.11,14,2,3,1684.83,343.28,0
1127.39,21,2,12,1180.09,52.69,0
2750.97,17,0,6,3153.77,402.8,0
3573.79,7,3,4,2909.81,663.97,0
2775.76,16,4,8,3714.38,938.61,0
4500.24,5,1,3,3291.23,1209.01,1
3237.83,21,3,3,2405.19,832.64,0
4114.53,2,0,6,4253.49,138.96,0
7223.63,16,3,0,4354.81,2868.82,0
2077.04,4,4,9,2851.53,774.49,0
1093.76,3,4,12,950.92,142.85,1
2410.78,12,5,7,2910.35,499.57,0
1601.88,12,1,9,1274.9,326.98,0
814.14,7,0,11,674.52,139.62,1
1801.34,10,6,12,2175.98,374.64,1
2589.55,7,1,4,2712.29,122.74,0
3673.63,8,5,6,4216.2,542.58,1
3140.77,15,6,8,2487.72,653.04,0
2371.23,5,0,4,2818.71,447.49,0
2469.47,5,1,3,4012.32,1542.85,0
2402.98,11,5,3,2554.02,151.04,0
2490.96,0,1,5,2773.07,282.11,0
4262.98,15,4,8,4822.34,559.36,1
4511.67,9,0,6,4525.21,13.54,0
2171.37,6,6,3,4009.24,1837.87,0
1623.82,21,0,7,1710.88,87.05,0
3309.35,0,1,4,3205.14,104.21,0
3481.9,12,6,5,3707.33,225.43,0
1426.38,16,6,9,1859.65,433.27,1
1955.02,11,4,10,2801.81,846.8,1
1817.88,15,0,5,3579.86,1761.98,0
4231.91,20,2,3,4376.71,144.8,0
6693.69,19,3,10,4548.59,2145.1,1
460.23,13,3,6,614.55,154.32,0
4997.02,6,2,11,4976.39,20.63,0
995.63,11,4,4,3372.41,2376.78,0
4925.49,5,2,1,4444.23,481.26,0
1440.06,21,2,10,3763.34,2323.28,1
2924.85,9,3,12,3848.94,924.09,1
2676.37,1,6,10,3135.07,458.7,0
848.29,6,4,1,820.47,27.82,0
2865.47,4,1,5,1842.6,1022.87,0
5478.2,14,1,5,4579.79,898.41,0
485.98,10,5,0,863.65,377.67,0
6929.14,5,4,12,3925.37,3003.77,0
4890.35,13,3,6,4008.89,881.47,0
825.42,6,5,5,669.76,155.65,0
3687.23,0,5,11,3905.81,218.59,0
2026.92,4,0,6,2049.57,22.65,0
1349.98,14,5,8,793.79,556.18,1
5426.52,4,2,7,4495.88,930.63,0
6031.95,7,1,11,4766.38,1265.57,1
508.88,16,1,1,598.61,89.73,0
778.13,17,4,0,668.14,110.0,1
827.22,0,0,11,986.51,159.29,0
1047.7,6,5,10,1056.18,8.48,1
5100.31,21,4,4,3477.49,1622.82,0
3073.22,19,0,4,2384.72,688.51,0
1096.16,6,6,4,1393.91,297.75,0
1794.85,17,3,3,2110.65,315.8,0
1703.45,0,5,1,1555.27,148.18,0
3781.57,16,0,11,3510.6,270.97,0
3756.62,14,2,4,3399.52,357.1,0
1596.1,21,2,6,1286.16,309.94,1
4150.46,1,0,2,3911.92,238.54,1
1293.31,23,0,5,2108.87,815.56,0
2671.09,14,2,6,2303.5,367.59,0
2725.81,4,5,11,2397.83,327.98,0
1072.57,13,4,7,1217.28,144.71,0
1044.91,0,6,10,1315.67,270.77,0
5387.84,15,3,1,4512.93,874.91,0
764.13,21,4,12,785.01,20.88,0
1448.93,21,6,5,1507.93,59.0,0
1835.32,15,2,10,3282.08,1446.75,1
5121.68,17,4,0,4275.65,846.03,0
1818.81,5,0,12,2775.05,956.25,1
5193.26,1,4,3,4865.65,327.61,0
5371.87,18,3,1,4176.96,1194.9,0
1194.0,15,5,10,1034.18,159.82,0
307.83,19,4,10,661.24,353.42,0
1187.13,21,3,5,1430.83,243.7,1
948.68,19,4,7,1503.13,554.45,0
2811.65,3,6,10,2536.4,275.26,1
5263.89,16,2,11,4234.48,1029.42,0
2565.85,22,5,11,2715.9,150.05,1
1969.88,6,3,12,1381.65,588.23,0
5484.01,1,5,10,3907.17,1576.84,0
1495.69,4,3,0,2527.27,1031.58,1
1744.12,18,3,8,4708.89,2964.77,0
4532.58,3,3,10,3613.18,919.4,0
4122.57,12,3,9,2768.5,1354.08,0
3073.88,14,6,2,1731.18,1342.69,0
3678.36,16,2,11,4488.97,810.6,1
3059.28,6,4,11,3815.68,756.4,0
3281.07,22,5,2,3525.68,244.61,0
2358.88,15,4,9,1950.72,408.17,0
4189.38,17,2,6,3534.1,655.29,0
781.37,6,2,12,613.72,167.65,0
4839.69,4,6,0,3575.26,1264.43,0
5988.37,3,4,10,3891.17,2097.2,0
4266.92,17,3,3,3840.86,426.07,0
3513.94,12,3,6,3632.58,118.63,0
1740.76,17,0,0,1906.94,166.19,0
5325.29,7,5,11,4409.82,915.46,1
2362.32,23,4,3,3147.73,785.41,0
2188.85,5,1,11,1823.8,365.05,0
3419.24,17,2,2,2428.29,990.96,0
162.51,1,1,5,525.4,362.89,0
3805.74,21,2,7,3314.15,491.59,0
748.28,5,4,1,827.96,79.69,0
1903.52,12,0,5,2943.86,1040.34,0
1724.21,19,4,7,1993.48,269.26,0
5709.47,0,0,10,4915.1,794.37,1
4053.3,1,5,5,3390.19,663.11,0
899.3,8,4,11,1010.18,110.89,0
2594.6,14,3,0,4199.49,1604.89,0
2683.73,2,0,2,1941.41,742.33,0
2481.4,20,6,3,2899.43,418.03,0
824.73,17,6,11,967.67,142.95,0
2574.79,21,1,0,2458.57,116.22,0
799.08,1,1,12,893.84,94.76,1
5289.54,14,5,6,4197.29,1092.26,1
2954.86,17,0,10,3529.84,574.99,1
6012.39,11,4,1,3856.78,2155.61,0
3760.32,9,6,7,3229.55,530.77,0
713.65,23,3,12,638.69,74.96,0
5668.22,4,2,10,4820.6,847.61,0
2417.42,0,4,8,4402.13,1984.71,1
1218.73,12,4,8,3077.23,1858.51,1
4742.73,13,5,8,3867.33,875.4,1
2762.07,8,1,1,3275.98,513.91,0
6130.68,17,3,10,4335.13,1795.55,1
353.58,3,1,11,803.13,449.55,0
1887.78,9,4,1,2107.12,219.35,0
2039.87,19,5,4,2527.91,488.04,0
3870.24,5,0,5,3050.88,819.36,0
1117.93,13,2,5,3829.17,2711.24,0
3226.01,9,3,8,4450.49,1224.48,0
925.72,8,6,2,868.88,56.84,0
2514.19,0,6,8,3800.95,1286.76,0
2032.28,18,1,0,3105.05,1072.78,0
2445.3,11,3,3,4994.28,2548.97,0
4751.07,4,3,8,4357.24,393.83,1
1921.63,19,5,2,2759.75,838.12,1
612.1,18,4,10,1216.5,604.4,1
4097.39,15,1,1,3794.02,303.37,0
3395.87,16,6,5,3508.64,112.76,0
6344.31,3,5,8,4466.98,1877.33,1
4251.77,18,4,9,3838.59,413.18,0
1446.52,16,2,6,2143.84,697.32,0
1237.55,11,3,12,2326.29,1088.74,0
3078.14,2,4,10,2758.27,319.87,1
1375.25,19,5,1,1208.11,167.14,0
2662.41,15,1,9,1986.01,676.4,0
777.71,1,1,9,601.01,176.7,1
3174.1,5,2,2,2806.89,367.21,0
4340.79,20,0,11,4861.6,520.81,0
5169.26,15,6,7,4762.64,406.61,0
4487.7,18,6,12,3203.77,1283.93,0
1615.33,14,4,9,1690.34,75.01,0
798.0,0,1,8,1094.96,296.96,1
2579.38,15,4,9,2389.08,190.3,0
3066.37,3,0,7,2764.98,301.39,0
4995.75,21,5,6,2926.79,2068.96,0
699.18,16,3,3,695.47,3.71,0
2691.81,22,4,1,3959.02,1267.21,0
5673.11,2,2,9,3946.37,1726.75,1
1169.03,18,4,1,1350.59,181.57,0
694.81,10,3,5,1424.38,729.57,0
3051.47,18,2,9,3134.17,82.69,0
5342.88,13,4,12,3897.37,1445.51,1
325.89,18,2,12,3015.92,2690.03,0
4744.55,21,0,11,4347.5,397.05,0
6149.85,10,6,8,4771.6,1378.24,0
888.89,12,5,0,734.24,154.65,0
2349.39,8,1,5,2622.51,273.12,0
2060.23,12,4,10,2229.47,169.24,0
4858.72,20,3,7,3188.63,1670.09,0
3816.79,16,2,3,4688.41,871.62,0
2880.43,1,2,3,2821.16,59.27,0
1052.58,8,6,6,890.79,161.79,0
1608.78,2,0,8,3137.36,1528.58,0
4365.69,11,2,4,4617.54,251.85,0
2485.68,5,3,8,2546.42,60.74,1
1854.12,3,6,8,1824.13,29.99,0
2447.21,12,4,7,4159.16,1711.96,0
3815.19,14,5,7,4825.57,1010.38,0
2630.24,7,5,11,2668.87,38.62,0
6212.02,16,4,0,4799.51,1412.51,0
1073.09,10,0,8,1792.8,719.71,0
2709.43,18,2,2,2090.92,618.51,0
3674.71,23,1,4,4594.67,919.96,0
1625.67,19,2,2,1623.63,2.04,1
1139.94,0,6,8,853.19,286.75,0
1962.33,10,3,9,2170.38,208.05,0
5966.03,7,6,9,4929.78,1036.25,0
2109.71,17,0,8,2404.29,294.59,0
3406.9,16,3,5,3991.57,584.67,1
1506.86,18,0,5,1448.39,58.47,0
1316.46,19,2,5,1342.19,25.73,0
2951.21,11,2,6,2385.92,565.29,0
880.8,3,5,4,1090.13,209.32,0
3921.54,6,1,12,4353.39,431.85,1
4773.55,20,4,8,4125.51,648.04,0
2435.07,17,6,9,1850.15,584.91,1
1296.14,20,0,7,1235.04,61.1,0
2597.47,17,6,4,2121.38,476.1,0
1715.51,18,4,10,2079.91,364.4,1
2527.91,11,2,10,4011.39,1483.48,0
3426.63,14,5,2,2511.19,915.45,0
5594.08,13,5,9,4678.55,915.53,0
914.16,10,5,4,821.05,93.11,0
2698.44,14,6,5,2279.55,418.9,0
3264.68,4,5,3,2526.3,738.38,0
5520.11,2,1,2,3653.14,1866.97,1
4251.64,12,4,12,4715.57,463.93,1
3336.37,2,5,6,3281.46,54.91,0
1580.47,5,0,0,1778.79,198.32,0
1740.39,15,3,8,1963.41,223.01,0
1500.36,18,4,7,1108.02,392.35,0
2677.06,16,5,10,3037.93,360.87,0
2717.08,9,2,6,2667.43,49.64,0
564.78,4,2,4,500.42,64.36,1
6150.27,0,6,6,4649.4,1500.87,0
3628.89,17,2,3,4085.45,456.56,0
2855.06,12,6,6,2276.38,578.67,0
4703.71,16,6,12,3313.95,1389.76,0
3198.13,8,3,3,3580.88,382.75,0
2673.74,20,3,9,1803.18,870.56,0
2513.1,17,0,2,2713.98,200.89,0
1228.09,14,5,0,1062.68,165.42,0
2336.0,15,2,7,2721.11,385.11,1
1048.01,4,0,4,861.0,187.01,1
3150.8,12,6,0,2615.66,535.14,0
2492.53,14,1,11,1620.33,872.2,1
5214.79,6,3,6,3808.95,1405.84,0
2437.0,20,5,0,1953.78,483.22,0
786.16,11,0,10,1049.64,263.48,1
3447.67,10,0,2,3348.09,99.58,0
2359.38,18,6,11,2281.14,78.24,0
3885.3,2,1,2,2171.29,1714.01,0
3028.94,1,0,5,2022.9,1006.05,0
3671.69,4,3,3,4061.6,389.91,0
2165.71,23,1,0,3400.91,1235.2,0
1679.4,1,3,11,1106.29,573.1,1
3895.73,11,2,11,3636.67,259.06,0
3766.39,17,1,1,3194.06,572.33,0
2852.19,20,4,6,4187.38,1335.2,0
3008.24,11,6,9,3288.81,280.56,0
2464.51,16,5,7,3462.3,997.8,0
1646.38,13,5,5,1774.08,127.7,0
864.61,1,1,1,800.06,64.55,1
2651.93,12,5,7,3069.55,417.62,0
1200.2,2,0,3,1651.72,451.52,0
5538.04,14,6,10,4244.35,1293.69,0
3547.7,22,0,9,4722.1,1174.4,1
935.24,9,0,3,816.75,118.49,1
3045.95,16,5,3,3763.27,717.33,0
2897.13,17,3,11,3012.91,115.78,0
1205.32,3,1,12,2110.84,905.51,0
2248.6,5,4,9,2018.81,229.8,0
2427.34,11,3,12,1918.2,509.14,0
1927.66,7,4,8,1955.53,27.87,0
4575.79,14,3,0,4667.66,91.87,0
5617.21,16,1,4,3180.93,2436.27,0
1166.84,22,6,4,1466.7,299.86,0
4519.86,18,1,1,3068.01,1451.85,0
824.2,7,2,12,1122.84,298.64,0
3960.16,6,5,1,3060.79,899.37,0
1546.63,18,6,1,1278.06,268.57,0
2243.03,18,3,1,3788.55,1545.52,0
2472.16,3,6,12,2004.75,467.41,0
2505.64,0,5,12,3210.36,704.72,1
2392.77,10,4,11,2859.73,466.96,1
5122.78,12,3,12,3792.1,1330.67,0
1387.96,4,2,1,1499.39,111.43,0
3830.24,8,0,6,2966.69,863.56,0
1362.93,15,3,10,1086.69,276.24,0
6422.41,16,1,3,4986.85,1435.56,0
2181.19,21,3,6,1955.35,225.83,0
1928.08,20,0,12,2050.36,122.28,0
4331.94,4,3,0,3272.99,1058.94,1
3512.32,4,6,11,3584.12,71.79,1
1230.61,9,0,5,745.42,485.19,1
1979.09,0,2,3,2525.28,546.19,1
2961.41,19,5,2,2958.91,2.5,0
1364.06,21,4,0,2194.73,830.67,0
1292.72,14,5,0,1403.13,110.41,0
2698.51,21,2,1,3483.42,784.91,0
3541.0,22,0,5,3422.35,118.65,0
1157.42,6,4,7,896.09,261.33,0
832.29,15,3,11,678.89,153.4,0
1833.45,20,2,3,2083.61,250.16,0
2114.53,12,6,0,1741.45,373.08,0
1648.4,10,3,10,1515.12,133.28,0
2086.16,21,1,6,2843.23,757.07,0
2200.89,19,2,7,4867.42,2666.53,0
539.04,4,2,11,1123.59,584.56,0
955.3,4,5,9,1108.64,153.33,1
3437.62,10,6,2,3008.03,429.59,0
4247.4,13,3,4,4460.59,213.19,0
5515.04,6,0,2,4523.59,991.45,0
2935.94,8,4,9,3253.92,317.97,0
1724.5,15,1,8,1539.11,185.39,0
3491.25,5,6,6,3423.06,68.19,0
2054.21,0,2,6,1369.67,684.54,0
1557.72,6,0,2,1412.75,144.97,0
3233.76,14,1,6,4402.08,1168.32,1
3872.96,12,5,5,3808.99,63.97,0
1787.04,22,6,0,3073.71,1286.67,0
3813.0,1,1,8,4221.55,408.55,0
414.02,1,1,4,676.63,262.61,0
5303.06,9,3,2,3981.55,1321.51,0
622.28,20,3,1,745.46,123.18,1
3933.47,22,4,2,4004.29,70.82,0
237.35,6,3,1,612.1,374.76,0
5422.57,5,5,11,4582.23,840.34,1
1921.7,12,5,12,2522.29,600.59,0
1557.64,17,3,0,1219.55,338.09,0
2764.29,4,1,12,3044.71,280.42,1
1619.91,14,2,10,1892.83,272.92,0
7284.67,0,3,7,4821.95,2462.72,0
531.84,15,1,3,525.88,5.96,0
3182.3,7,4,4,2345.68,836.62,0
5032.53,1,1,2,4213.64,818.9,0
1599.67,19,2,5,1154.18,445.48,1
2565.84,5,1,10,2376.31,189.53,0
2384.86,14,5,9,3649.31,1264.45,1
3288.73,10,2,6,3958.3,669.58,0
5629.26,3,5,4,4294.89,1334.37,0
1638.24,6,4,0,1444.3,193.93,0
4475.45,22,4,12,3330.4,1145.05,1
3149.95,10,2,8,3239.8,89.85,0
3435.7,23,5,7,4671.97,1236.27,0
2492.7,22,2,3,3242.33,749.62,0
4738.86,19,3,6,3314.57,1424.29,0
5749.63,6,0,10,4127.2,1622.43,1
3542.27,10,6,0,4055.88,513.61,0
3043.11,18,4,0,2282.22,760.89,0
5538.88,15,6,0,4252.21,1286.66,0
2788.33,17,2,7,3322.4,534.07,0
4337.03,23,5,5,3841.63,495.4,1
2423.72,10,6,12,3098.29,674.57,0
3248.97,20,4,2,1762.07,1486.9,0
3710.5,9,5,5,3178.36,532.14,0
1075.02,9,1,8,890.59,184.43,1
3218.44,6,0,7,4032.25,813.81,0
5281.29,15,5,8,4572.3,708.99,0
4855.63,3,6,8,3962.67,892.97,1
2034.15,16,0,0,3760.57,1726.42,1
4833.75,2,2,7,4316.56,517.2,1
3940.76,9,5,3,3947.81,7.05,0
1633.34,10,6,7,1744.92,111.59,0
1896.45,17,4,1,1208.73,687.71,0
2896.26,4,5,12,1933.18,963.08,1
651.04,14,0,2,820.59,169.56,0
597.49,12,0,1,727.05,129.56,0
1666.3,22,3,9,3182.55,1516.25,0
954.61,21,6,8,1391.66,437.06,0
3464.56,22,3,1,3939.93,475.36,0
3493.65,14,3,3,3695.97,202.32,1
4465.32,5,5,10,4530.65,65.34,0
2519.99,15,0,1,1961.42,558.56,0
3206.0,19,4,2,2575.59,630.41,0
5387.81,3,2,8,3714.23,1673.58,0
2168.29,19,1,8,2897.36,729.06,0
941.46,6,6,11,797.27,144.19,0
2674.1,7,1,10,2459.09,215.01,0
2348.3,15,0,9,3703.59,1355.29,1
711.77,12,0,9,939.44,227.67,0
4316.04,12,2,7,3971.05,345.0,1
1855.31,20,6,0,1479.25,376.05,0
3307.7,9,3,9,2538.38,769.31,1
3001.71,21,2,6,3566.83,565.12,0
6722.08,18,0,9,4956.3,1765.78,1
989.23,17,0,0,1074.0,84.77,0
2702.84,9,6,0,2116.6,586.24,0
1995.99,12,3,8,2274.21,278.22,1
1427.67,17,3,5,1125.81,301.86,1
4601.67,2,5,0,4988.55,386.88,0
2971.99,4,0,2,3460.67,488.68,0
2804.64,13,4,2,2552.13,252.51,0
2529.2,12,2,3,4190.32,1661.12,0
3491.45,16,2,6,3100.72,390.73,0
532.84,1,4,7,650.58,117.74,1
2505.13,23,4,12,2666.9,161.77,0
720.31,19,0,3,852.06,131.74,0
6630.14,18,2,9,4821.85,1808.29,0
4805.33,15,3,8,4003.37,801.96,0
998.54,9,2,2,1991.81,993.28,0
6430.49,23,6,9,3872.41,2558.07,0
1881.72,9,6,11,3101.63,1219.91,1
702.45,16,0,12,871.3,168.85,1
1820.51,3,4,2,1764.37,56.14,0
3329.18,11,6,2,3466.2,137.02,0
3171.0,10,0,2,2682.13,488.86,0
1841.83,13,6,6,4269.26,2427.44,0
3769.77,11,0,10,3369.09,400.69,0
1085.22,14,3,7,736.35,348.87,0
2770.13,22,3,7,3885.93,1115.8,0
2310.15,9,6,7,2456.3,146.16,0
3263.08,17,5,5,2886.14,376.94,0
4459.05,8,2,4,4631.19,172.14,0
2064.88,23,1,11,3444.54,1379.66,0
3766.95,21,5,2,2839.79,927.16,1
689.4,16,0,10,538.14,151.26,1
2001.79,6,0,0,1774.84,226.95,1
3696.93,19,5,1,3173.62,523.3,1
3789.6,4,3,10,4353.98,564.39,0
4352.82,5,2,4,4114.4,238.42,0
3824.59,8,6,6,3374.51,450.08,0
3870.04,8,6,0,3965.54,95.5,0
1172.4,8,1,7,770.26,402.14,0
929.63,3,1,8,1403.01,473.38,1
4311.15,14,5,4,3395.02,916.13,0
3067.3,15,1,10,3071.05,3.75,0
4628.65,8,1,11,3490.73,1137.93,0
446.61,15,3,6,516.67,70.05,0
2029.51,17,1,0,4034.22,2004.7,0
5086.99,11,2,10,4009.23,1077.75,1
6264.58,20,0,5,4986.57,1278.01,0
435.06,20,1,2,862.06,427.0,0
3919.19,9,5,6,3473.3,445.89,0
2890.75,23,1,2,2116.68,774.07,0
6059.46,7,3,6,4983.73,1075.73,0
837.04,14,0,0,1884.79,1047.75,0
3293.8,12,0,3,3744.55,450.75,0
1879.01,4,5,9,2562.67,683.66,1
1715.83,15,5,0,3809.57,2093.74,0
672.35,5,5,0,706.11,33.75,0
795.92,19,1,9,937.82,141.9,0
665.92,2,6,3,1013.81,347.89,0
3772.87,21,3,5,4919.87,1147.0,0
1959.22,6,6,0,2956.48,997.26,0
1772.27,4,6,6,1043.35,728.91,0
1262.18,4,0,12,1242.53,19.65,0
5582.95,0,3,1,3999.48,1583.47,0
574.42,13,5,12,901.14,326.71,0
523.97,4,5,4,1071.02,547.04,0
4420.01,5,5,7,4721.4,301.39,1
3994.83,9,2,6,4219.18,224.35,0
892.85,11,6,12,1028.79,135.94,0
2523.27,20,5,3,2588.97,65.7,0
2809.03,15,3,2,4084.76,1275.73,0
204.54,11,2,3,743.12,538.59,0
4142.63,23,0,8,4123.19,19.44,0
2443.59,3,0,3,2682.78,239.19,0
2247.56,10,1,12,1966.88,280.68,1
2237.33,13,6,3,1567.03,670.3,0
974.61,4,1,9,2619.46,1644.85,1
1182.56,23,1,10,1113.82,68.74,1
2778.22,8,1,1,2011.51,766.71,0
1369.4,10,1,4,1270.41,98.99,0
2899.21,17,6,3,3371.0,471.78,0
2382.52,6,4,7,2701.46,318.94,0
3710.96,10,3,9,3785.08,74.12,0
3687.84,18,0,6,4758.14,1070.3,1
2641.89,16,3,7,2617.94,23.96,0
867.67,15,1,1,941.0,73.33,1
4370.47,9,1,10,3793.04,577.43,1
3336.76,5,5,7,3510.66,173.9,0
307.91,22,3,2,609.86,301.95,0
2963.18,20,0,10,2589.33,373.85,0
2616.29,8,5,9,1998.08,618.21,0
4305.53,2,4,5,4044.61,260.91,1
3393.38,3,3,5,4753.95,1360.57,1
948.38,20,4,11,2148.95,1200.57,0
1733.86,3,5,7,1421.21,312.66,0
4305.01,22,1,12,4420.09,115.08,1
1984.28,8,0,1,2087.2,102.92,0
3997.86,3,3,11,2756.53,1241.34,0
3299.32,21,5,12,4547.53,1248.21,0
1462.71,14,0,1,1347.59,115.12,0
5579.16,3,5,2,4812.15,767.0,0
3081.02,20,0,4,2843.09,237.92,0
3242.71,23,5,0,4692.75,1450.03,0
4649.19,7,6,8,4423.07,226.12,0
1711.61,18,5,11,2042.57,330.96,0
2018.71,18,1,12,2561.03,542.33,0
